X,Y,RUEE,SUBSISTEMA,NOMBRE,DEPTO,DEPTO_TEX,LOCALIDAD,PARAJE,CALLE,N_PUERTA,TELEFONO,RULE_EST
-56.838024110966515,-34.503825908836404,1116002,CEIP,N° 2,16,SAN JOSE,RINCON DEL PINO,RINCON DEL PINO,RUTA 1 KM. 76,S/N,43462020,2160002
-57.046997393238556,-34.35579259025296,1116048,CEIP,N° 48,16,SAN JOSE,ECILDA PAULLIER,ECILDA PAULLIER,GRAL.RIVERA Y DEGIOVANANGELO,S/N,43492069,2160048
-56.76206532035598,-34.516894633340591,1116022,CEIP,N° 22,16,SAN JOSE,VILLA MARIA,VILLA MARIA,RUTA 3 - KM. 71.500,S/N,43422326,2160022
-56.459607709775476,-34.422270077351961,1116058,CEIP,N° 58,16,SAN JOSE,CAPURRO,CAPURRO,RUTA 78 KM 18,S/N,43389373,2160058
-57.146245338447294,-34.441487421533893,1116112,CEIP,N° 112,16,SAN JOSE,BOCA DEL CUFRE,BOCA DEL CUFRE,CANDELARIA Y JOSE DI MAGGIO,S/N,43409161,2160110
-56.805523021231529,-34.320315322151643,1116057,CEIP,N° 57,16,SAN JOSE,JUAN SOLER,JUAN SOLER,RUTA 11 - KM. 39,S/N,43402236,2160057
-56.66534043006061,-34.339998806529984,1116009,CEIP,N° 9,16,SAN JOSE,RAIGON,RAIGON,RUTA 11 KM. 55.500,S/N,43421500,2160009
-56.797901823111417,-34.523906863495831,1116080,CEIP,N° 80  CLEMENTE ESTABLE,16,SAN JOSE,RAFAEL PERAZA,RAFAEL PERAZA,RUTA 1 KM 72,S/N,43462055,2160080
-56.439368439496043,-34.441708623065132,1116063,CEIP,N° 63,16,SAN JOSE,18 DE JULIO (PUEBLO NUEVO),18 DE JULIO (PUEBLO NUEVO),RUTA 11 - KM. 79.500,S/N,43389267,2160063
